球団 , 選手名 , 守備 , 生年月日 , 身長 , 体重
巨人 , 吉川　大幾 , 内野手 , 1992/08/21 , 175 , 78
巨人 , 増田　大輝 , 内野手 , 1993/07/29 , 172 , 68
巨人 , 比嘉　賢伸 , 内野手 , 2000/01/12 , 180 , 82
巨人 , 平間　隼人 , 内野手 , 1996/12/16 , 173 , 75
巨人 , 陽　岱鋼 , 外野手 , 1987/01/17 , 184 , 89
巨人 , 山川　和大 , 投手 , 1995/01/04 , 166 , 74
巨人 , 笠井　駿 , 外野手 , 1995/04/20 , 180 , 80
巨人 , 広畑　塁 , 捕手 , 1995/06/17 , 177 , 72
巨人 , 中島　宏之 , 内野手 , 1982/07/31 , 180 , 90
巨人 , 坂本　勇人 , 内野手 , 1988/12/14 , 186 , 85
巨人 , 加藤　壮太 , 外野手 , 1998/04/15 , 188 , 90
巨人 , 小山　翔平 , 捕手 , 1996/03/25 , 170 , 70
巨人 , 折下　光輝 , 内野手 , 2000/02/14 , 177 , 86
巨人 , 丸　佳浩 , 外野手 , 1989/04/11 , 177 , 94
巨人 , 八百板　卓丸 , 外野手 , 1997/01/17 , 180 , 82
巨人 , 亀井　善行 , 外野手 , 1982/07/28 , 178 , 82
巨人 , 高山　竜太朗 , 捕手 , 1995/02/21 , 186 , 87
巨人 , 髙井　俊 , 投手 , 1995/08/22 , 180 , 86
巨人 , 平井　快青 , 投手 , 2000/09/12 , 184 , 80
巨人 , デラロサ , 投手 , 1989/03/04 , 183 , 95
巨人 , 谷岡　竜平 , 投手 , 1996/03/21 , 181 , 87
巨人 , 戸郷　翔征 , 投手 , 2000/04/04 , 186 , 75
巨人 , 巽　大介 , 投手 , 1997/04/26 , 183 , 86
巨人 , 澤村　拓一 , 投手 , 1988/04/03 , 184 , 102
巨人 , 山上　信吾 , 投手 , 1999/09/21 , 183 , 75
巨人 , 大竹　寛 , 投手 , 1983/05/21 , 184 , 96
巨人 , 田中　豊樹 , 投手 , 1993/12/01 , 180 , 98
巨人 , 菅野　智之 , 投手 , 1989/10/11 , 186 , 92
巨人 , 田中　優大 , 投手 , 1999/09/14 , 185 , 81
巨人 , サンチェス , 投手 , 1989/11/28 , 185 , 88
巨人 , 橋本　篤郎 , 投手 , 1998/02/24 , 179 , 85
巨人 , 黒田　響生 , 内野手 , 2000/07/21 , 183 , 80
巨人 , 岩隈　久志 , 投手 , 1981/04/12 , 190 , 95
巨人 , 小林　誠司 , 捕手 , 1989/06/07 , 178 , 86
巨人 , 荒井　颯太 , 外野手 , 1999/09/27 , 190 , 98
巨人 , 野上　亮磨 , 投手 , 1987/06/15 , 177 , 77
巨人 , 與那原　大剛 , 投手 , 1998/03/09 , 189 , 90
巨人 , ディプラン , 投手 , 1993/12/30 , 190 , 81
巨人 , 大城　卓三 , 捕手 , 1993/02/11 , 187 , 90
巨人 , ラモス , 投手 , 1996/04/27 , 185 , 86
巨人 , 岡本　和真 , 内野手 , 1996/06/30 , 185 , 96
巨人 , 髙橋　優貴 , 投手 , 1997/02/01 , 178 , 82
巨人 , ウレーニャ , 内野手 , 1999/05/27 , 183 , 79
巨人 , 炭谷　銀仁朗 , 捕手 , 1987/07/19 , 181 , 98
巨人 , 田口　麗斗 , 投手 , 1995/09/14 , 171 , 83
巨人 , 吉川　尚輝 , 内野手 , 1995/02/08 , 177 , 78
巨人 , 鍵谷　陽平 , 投手 , 1990/09/23 , 178 , 86
巨人 , 畠　世周 , 投手 , 1994/05/31 , 186 , 82
巨人 , 堀田　賢慎 , 投手 , 2001/05/21 , 185 , 80
巨人 , 太田　龍 , 投手 , 1998/11/15 , 190 , 94
巨人 , 桜井　俊貴 , 投手 , 1993/10/21 , 182 , 89
巨人 , 石川　慎吾 , 外野手 , 1993/04/27 , 178 , 80
巨人 , 若林　晃弘 , 内野手 , 1993/08/26 , 180 , 77
巨人 , 岸田　行倫 , 捕手 , 1996/10/10 , 176 , 80
巨人 , 立岡　宗一郎 , 外野手 , 1990/05/18 , 181 , 82
巨人 , 古川　侑利 , 投手 , 1995/09/08 , 178 , 86
巨人 , 中川　皓太 , 投手 , 1994/02/24 , 183 , 86
巨人 , メルセデス , 投手 , 1994/03/08 , 188 , 82
巨人 , 重信　慎之介 , 外野手 , 1993/04/17 , 173 , 74
巨人 , モタ , 外野手 , 1996/01/03 , 188 , 98
巨人 , 今村　信貴 , 投手 , 1994/03/15 , 180 , 88
巨人 , 鍬原　拓也 , 投手 , 1996/03/26 , 178 , 85
巨人 , 藤岡　貴裕 , 投手 , 1989/07/17 , 182 , 93
巨人 , ウィーラー , 内野手 , 1987/01/16 , 178 , 100
巨人 , ビエイラ , 投手 , 1993/01/07 , 193 , 113
巨人 , 戸根　千明 , 投手 , 1992/10/17 , 174 , 100
巨人 , 田中　俊太 , 内野手 , 1993/08/18 , 178 , 82
巨人 , 北村　拓己 , 内野手 , 1995/08/29 , 181 , 85
巨人 , 髙田　萌生 , 投手 , 1998/07/04 , 178 , 83
巨人 , 直江　大輔 , 投手 , 2000/06/20 , 184 , 77
巨人 , 山本　泰寛 , 内野手 , 1993/10/10 , 176 , 76
巨人 , 高木　京介 , 投手 , 1989/09/05 , 183 , 90
巨人 , 宮國　椋丞 , 投手 , 1992/04/17 , 186 , 92
巨人 , 松原　聖弥 , 外野手 , 1995/01/26 , 173 , 72
巨人 , 菊田　拡和 , 内野手 , 2001/07/23 , 182 , 94
巨人 , 増田　陸 , 内野手 , 2000/06/17 , 178 , 85
巨人 , 横川　凱 , 投手 , 2000/08/30 , 190 , 95
巨人 , 田原　誠次 , 投手 , 1989/09/02 , 181 , 85
巨人 , 大江　竜聖 , 投手 , 1999/01/15 , 173 , 78
巨人 , 松井　義弥 , 内野手 , 2000/06/18 , 191 , 90
巨人 , 村上　海斗 , 外野手 , 1995/07/07 , 189 , 95
巨人 , 山瀬　慎之助 , 捕手 , 2001/05/04 , 177 , 82
巨人 , 田中　貴也 , 捕手 , 1992/08/27 , 178 , 85
巨人 , パーラ , 外野手 , 1987/05/06 , 180 , 95
巨人 , 井上　温大 , 投手 , 2001/05/13 , 175 , 72
巨人 , 沼田　翔平 , 投手 , 2000/06/24 , 175 , 65
巨人 , 湯浅　大 , 内野手 , 2000/01/24 , 172 , 70
巨人 , 加藤　脩平 , 外野手 , 1999/03/28 , 178 , 79
巨人 , 堀岡　隼人 , 投手 , 1998/09/11 , 183 , 87
巨人 , 伊藤　海斗 , 外野手 , 2001/04/02 , 187 , 88
巨人 , 山下　航汰 , 外野手 , 2000/11/15 , 174 , 83
DeNA,選手名 , 守備 , 生年月日 , 身長 , 体重
DeNA,宮本　秀明 , 外野手 , 1996/07/24 , 178 , 86
DeNA,中井　大介 , 内野手 , 1989/11/27 , 183 , 88
DeNA,桑原　将志 , 外野手 , 1993/07/21 , 174 , 78
DeNA,ロペス , 内野手 , 1983/11/24 , 183 , 103
DeNA,梶谷　隆幸 , 外野手 , 1988/08/28 , 180 , 88
DeNA,伊藤　裕季也 , 内野手 , 1996/08/30 , 182 , 93
DeNA,倉本　寿彦 , 内野手 , 1991/01/07 , 180 , 82
DeNA,森　敬斗 , 内野手 , 2002/01/28 , 175 , 75
DeNA,神里　和毅 , 外野手 , 1994/01/17 , 179 , 81
DeNA,大和 , 内野手 , 1987/11/05 , 177 , 72
DeNA,戸柱　恭孝 , 捕手 , 1990/04/11 , 179 , 90
DeNA,東　克樹 , 投手 , 1995/11/29 , 170 , 76
DeNA,阪口　皓亮 , 投手 , 1999/08/15 , 187 , 83
DeNA,伊勢　大夢 , 投手 , 1998/03/07 , 182 , 90
DeNA,石田　健大 , 投手 , 1993/03/01 , 180 , 85
DeNA,井納　翔一 , 投手 , 1986/05/01 , 188 , 94
DeNA,大貫　晋一 , 投手 , 1994/02/03 , 181 , 73
DeNA,三嶋　一輝 , 投手 , 1990/05/07 , 176 , 80
DeNA,山﨑　康晃 , 投手 , 1992/10/02 , 179 , 88
DeNA,坂本　裕哉 , 投手 , 1997/07/28 , 180 , 85
DeNA,今永　昇太 , 投手 , 1993/09/01 , 178 , 85
DeNA,オースティン , 内野手 , 1991/09/06 , 188 , 100
DeNA,齋藤　俊介 , 投手 , 1994/01/07 , 176 , 85
DeNA,濵口　遥大 , 投手 , 1995/03/16 , 173 , 80
DeNA,上茶谷　大河 , 投手 , 1996/08/31 , 182 , 83
DeNA,勝又　温史 , 投手 , 2000/05/22 , 180 , 86
DeNA,伊藤　光 , 捕手 , 1989/04/23 , 180 , 83
DeNA,飯塚　悟史 , 投手 , 1996/10/11 , 188 , 90
DeNA,柴田　竜拓 , 内野手 , 1993/12/16 , 167 , 68
DeNA,益子　京右 , 捕手 , 2000/12/27 , 176 , 83
DeNA,乙坂　智 , 外野手 , 1994/01/06 , 183 , 83
DeNA,平田　真吾 , 投手 , 1989/08/29 , 182 , 85
DeNA,三上　朋也 , 投手 , 1989/04/10 , 190 , 90
DeNA,髙城　俊人 , 捕手 , 1993/05/03 , 176 , 83
DeNA,楠本　泰史 , 外野手 , 1995/07/07 , 180 , 77
DeNA,山下　幸輝 , 内野手 , 1993/01/31 , 173 , 80
DeNA,嶺井　博希 , 捕手 , 1991/06/04 , 175 , 85
DeNA,飛雄馬 , 内野手 , 1991/03/17 , 181 , 92
DeNA,櫻井　周斗 , 投手 , 1999/06/25 , 178 , 86
DeNA,石川　雄洋 , 内野手 , 1986/07/10 , 183 , 78
DeNA,進藤　拓也 , 投手 , 1992/07/16 , 186 , 90
DeNA,佐野　恵太 , 内野手 , 1994/11/28 , 178 , 88
DeNA,ピープルズ , 投手 , 1991/09/05 , 196 , 86
DeNA,田中　健二朗 , 投手 , 1989/09/18 , 179 , 80
DeNA,砂田　毅樹 , 投手 , 1995/07/20 , 180 , 85
DeNA,京山　将弥 , 投手 , 1998/07/04 , 182 , 77
DeNA,赤間　謙 , 投手 , 1990/11/14 , 180 , 87
DeNA,山本　祐大 , 捕手 , 1998/09/11 , 180 , 82
DeNA,宮﨑　敏郎 , 内野手 , 1988/12/12 , 172 , 85
DeNA,細川　成也 , 外野手 , 1998/08/04 , 179 , 93
DeNA,パットン , 投手 , 1988/02/20 , 185 , 91
DeNA,浅田　将汰 , 投手 , 2001/04/23 , 182 , 87
DeNA,田部　隼人 , 内野手 , 2001/12/22 , 185 , 83
DeNA,濱矢　廣大 , 投手 , 1993/02/27 , 185 , 90
DeNA,東妻　純平 , 捕手 , 2001/07/03 , 172 , 77
DeNA,武藤　祐太 , 投手 , 1989/06/14 , 178 , 85
DeNA,平良　拳太郎 , 投手 , 1995/07/12 , 180 , 80
DeNA,知野　直人 , 内野手 , 1999/02/16 , 182 , 85
DeNA,蝦名　達夫 , 外野手 , 1997/09/20 , 185 , 88
DeNA,エスコバー , 投手 , 1992/04/22 , 188 , 102
DeNA,関根　大気 , 外野手 , 1995/06/28 , 173 , 78
DeNA,百瀬　大騎 , 内野手 , 1997/03/11 , 178 , 78
DeNA,古村　徹 , 投手 , 1993/10/20 , 180 , 80
DeNA,藤岡　好明 , 投手 , 1985/03/12 , 177 , 81
DeNA,国吉　佑樹 , 投手 , 1991/09/24 , 196 , 106
DeNA,中川　虎大 , 投手 , 1999/10/02 , 178 , 79
DeNA,笠井　崇正 , 投手 , 1994/08/07 , 179 , 90
DeNA,ソト , 内野手 , 1989/02/28 , 185 , 97
DeNA,宮城　滝太 , 投手 , 2000/07/15 , 181 , 73
DeNA,コルデロ , 投手 , 1997/12/18 , 189 , 88
DeNA,デラロサ , 内野手 , 1996/01/24 , 188 , 92
DeNA,ディアス , 投手 , 1999/06/10 , 191 , 93
阪神 , 選手名 , 守備 , 生年月日 , 身長 , 体重
阪神 , 木浪　聖也 , 内野手 , 1994/06/15 , 179 , 81
阪神 , 上本　博紀 , 内野手 , 1986/07/04 , 173 , 66
阪神 , 北條　史也 , 内野手 , 1994/07/29 , 177 , 79
阪神 , 大山　悠輔 , 内野手 , 1994/12/19 , 181 , 88
阪神 , 熊谷　敬宥 , 内野手 , 1995/11/10 , 175 , 68
阪神 , 近本　光司 , 外野手 , 1994/11/09 , 171 , 72
阪神 , 糸井　嘉男 , 外野手 , 1981/07/31 , 188 , 99
阪神 , 福留　孝介 , 外野手 , 1977/04/26 , 182 , 92
阪神 , 髙山　俊 , 外野手 , 1993/04/18 , 181 , 91
阪神 , 坂本　誠志郎 , 捕手 , 1993/11/10 , 176 , 80
阪神 , 能見　篤史 , 投手 , 1979/05/28 , 180 , 74
阪神 , 西　純矢 , 投手 , 2001/09/13 , 184 , 88
阪神 , 西　勇輝 , 投手 , 1990/11/10 , 181 , 82
阪神 , 岩貞　祐太 , 投手 , 1991/09/05 , 183 , 82
阪神 , 馬場　皐輔 , 投手 , 1995/05/18 , 180 , 94
阪神 , 藤浪　晋太郎 , 投手 , 1994/04/12 , 197 , 100
阪神 , 中田　賢一 , 投手 , 1982/05/11 , 181 , 85
阪神 , 岩田　稔 , 投手 , 1983/10/31 , 179 , 95
阪神 , 藤川　球児 , 投手 , 1980/07/21 , 185 , 90
阪神 , 江越　大賀 , 外野手 , 1993/03/12 , 182 , 81
阪神 , 呂　彦青 , 投手 , 1996/03/10 , 178 , 72
阪神 , 尾仲　祐哉 , 投手 , 1995/01/31 , 173 , 73
阪神 , 小野　泰己 , 投手 , 1994/05/30 , 186 , 78
阪神 , 髙橋　遥人 , 投手 , 1995/11/07 , 181 , 82
阪神 , 高野　圭佑 , 投手 , 1991/12/28 , 178 , 85
阪神 , マルテ , 内野手 , 1991/06/21 , 185 , 102
阪神 , 井上　広大 , 外野手 , 2001/08/12 , 187 , 97
阪神 , 糸原　健斗 , 内野手 , 1992/11/11 , 175 , 81
阪神 , 谷川　昌希 , 投手 , 1992/10/06 , 175 , 84
阪神 , 才木　浩人 , 投手 , 1998/11/07 , 189 , 86
阪神 , 浜地　真澄 , 投手 , 1998/05/25 , 185 , 90
阪神 , 及川　雅貴 , 投手 , 2001/04/18 , 183 , 74
阪神 , 小幡　竜平 , 内野手 , 2000/09/21 , 184 , 74
阪神 , 長坂　拳弥 , 捕手 , 1994/04/28 , 173 , 76
阪神 , 福永　春吾 , 投手 , 1994/05/14 , 185 , 97
阪神 , ボーア , 内野手 , 1988/05/28 , 193 , 122
阪神 , エドワーズ , 投手 , 1988/01/08 , 196 , 108
阪神 , 守屋　功輝 , 投手 , 1993/11/25 , 184 , 88
阪神 , 梅野　隆太郎 , 捕手 , 1991/06/17 , 173 , 77
阪神 , 遠藤　成 , 内野手 , 2001/09/19 , 178 , 84
阪神 , 秋山　拓巳 , 投手 , 1991/04/26 , 188 , 101
阪神 , 川原　陸 , 投手 , 2000/12/12 , 186 , 86
阪神 , 齋藤　友貴哉 , 投手 , 1995/01/05 , 184 , 92
阪神 , ガンケル , 投手 , 1991/12/30 , 196 , 102
阪神 , 青柳　晃洋 , 投手 , 1993/12/11 , 183 , 84
阪神 , 伊藤　隼太 , 外野手 , 1989/05/08 , 177 , 82
阪神 , サンズ , 外野手 , 1987/09/28 , 193 , 102
阪神 , 島田　海吏 , 外野手 , 1996/02/06 , 176 , 68
阪神 , 陽川　尚将 , 内野手 , 1991/07/17 , 180 , 89
阪神 , 飯田　優也 , 投手 , 1990/11/27 , 187 , 92
阪神 , 岡﨑　太一 , 捕手 , 1983/06/20 , 180 , 82
阪神 , 荒木　郁也 , 内野手 , 1988/04/25 , 183 , 73
阪神 , 藤田　健斗 , 捕手 , 2001/10/18 , 173 , 73
阪神 , 中谷　将大 , 外野手 , 1993/01/05 , 187 , 96
阪神 , 望月　惇志 , 投手 , 1997/08/02 , 190 , 90
阪神 , 植田　海 , 内野手 , 1996/04/19 , 175 , 71
阪神 , 板山　祐太郎 , 外野手 , 1994/03/27 , 180 , 80
阪神 , 桑原　謙太朗 , 投手 , 1985/10/29 , 184 , 90
阪神 , 湯浅　京己 , 投手 , 1999/07/17 , 183 , 86
阪神 , 小川　一平 , 投手 , 1997/06/03 , 182 , 80
阪神 , 岩崎　優 , 投手 , 1991/06/19 , 185 , 88
阪神 , 俊介 , 外野手 , 1987/08/17 , 178 , 77
阪神 , 島本　浩也 , 投手 , 1993/02/14 , 176 , 75
阪神 , スアレス , 投手 , 1991/03/01 , 188 , 95
阪神 , ガルシア , 投手 , 1989/08/02 , 190 , 104
阪神 , 伊藤　和雄 , 投手 , 1989/12/13 , 186 , 95
阪神 , 原口　文仁 , 捕手 , 1992/03/03 , 182 , 93
阪神 , 片山　雄哉 , 捕手 , 1994/06/18 , 177 , 91
阪神 , 横山　雄哉 , 投手 , 1994/02/21 , 183 , 84
阪神 , 石井　将希 , 投手 , 1995/07/12 , 180 , 88
阪神 , 藤谷　洸介 , 内野手 , 1996/02/12 , 194 , 88
阪神 , 牧　丈一郎 , 投手 , 1999/09/23 , 181 , 86
阪神 , 小野寺　暖 , 外野手 , 1998/03/17 , 183 , 82
阪神 , 奥山　皓太 , 外野手 , 1997/09/03 , 186 , 93
広島 , 選手名 , 守備 , 生年月日 , 身長 , 体重
広島 , 曽根　海成 , 内野手 , 1995/04/24 , 175 , 74
広島 , 上本　崇司 , 内野手 , 1990/08/22 , 170 , 71
広島 , 鈴木　誠也 , 外野手 , 1994/08/18 , 181 , 98
広島 , 田中　広輔 , 内野手 , 1989/07/03 , 171 , 84
広島 , 小窪　哲也 , 内野手 , 1985/04/12 , 175 , 85
広島 , 長野　久義 , 外野手 , 1984/12/06 , 180 , 85
広島 , 安部　友裕 , 内野手 , 1989/06/24 , 181 , 84
広島 , 堂林　翔太 , 内野手 , 1991/08/17 , 183 , 88
広島 , ピレラ , 外野手 , 1989/11/21 , 182 , 99
広島 , 九里　亜蓮 , 投手 , 1991/09/01 , 187 , 95
広島 , 矢崎　拓也 , 投手 , 1994/12/31 , 176 , 90
広島 , 大瀬良　大地 , 投手 , 1991/06/17 , 187 , 95
広島 , 今村　猛 , 投手 , 1991/04/17 , 183 , 99
広島 , 岡田　明丈 , 投手 , 1993/10/18 , 185 , 92
広島 , 森下　暢仁 , 投手 , 1997/08/25 , 180 , 76
広島 , 野村　祐輔 , 投手 , 1989/06/24 , 177 , 89
広島 , 中﨑　翔太 , 投手 , 1992/08/10 , 186 , 99
広島 , 中村　奨成 , 捕手 , 1999/06/06 , 181 , 78
広島 , 薮田　和樹 , 投手 , 1992/08/07 , 188 , 86
広島 , 中田　廉 , 投手 , 1990/07/21 , 189 , 95
広島 , 會澤　翼 , 捕手 , 1988/04/13 , 177 , 91
広島 , 床田　寛樹 , 投手 , 1995/03/01 , 181 , 88
広島 , ケムナ　誠 , 投手 , 1995/06/05 , 190 , 95
広島 , 一岡　竜司 , 投手 , 1991/01/11 , 179 , 81
広島 , 石原　慶幸 , 捕手 , 1979/09/07 , 177 , 90
広島 , 白濱　裕太 , 捕手 , 1985/10/31 , 180 , 90
広島 , 菊池　涼介 , 内野手 , 1990/03/11 , 171 , 72
広島 , 高橋　昂也 , 投手 , 1998/09/27 , 181 , 90
広島 , 三好　匠 , 内野手 , 1993/06/07 , 174 , 84
広島 , 塹江　敦哉 , 投手 , 1997/02/21 , 178 , 87
広島 , 野間　峻祥 , 外野手 , 1993/01/28 , 180 , 89
広島 , 宇草　孔基 , 外野手 , 1997/04/17 , 185 , 83
広島 , 菊池　保則 , 投手 , 1989/09/18 , 180 , 103
広島 , 磯村　嘉孝 , 捕手 , 1992/11/01 , 178 , 90
広島 , 藤井　皓哉 , 投手 , 1996/07/29 , 181 , 86
広島 , Ｋ．ジョンソン , 投手 , 1984/10/14 , 193 , 95
広島 , 島内　颯太郎 , 投手 , 1996/10/14 , 180 , 83
広島 , 林　晃汰 , 内野手 , 2000/11/16 , 182 , 94
広島 , 桒原　樹 , 内野手 , 1996/07/04 , 180 , 87
広島 , 高橋　樹也 , 投手 , 1997/06/21 , 176 , 82
広島 , 山口　翔 , 投手 , 1999/04/28 , 181 , 82
広島 , アドゥワ　誠 , 投手 , 1998/10/02 , 196 , 85
広島 , 正隨　優弥 , 外野手 , 1996/04/02 , 180 , 96
広島 , 髙橋　大樹 , 外野手 , 1994/05/11 , 181 , 92
広島 , 小園　海斗 , 内野手 , 2000/06/07 , 178 , 84
広島 , 鈴木　寛人 , 投手 , 2001/10/07 , 186 , 79
広島 , 戸田　隆矢 , 投手 , 1993/06/10 , 181 , 84
広島 , 韮澤　雄也 , 内野手 , 2001/05/20 , 178 , 80
広島 , 松山　竜平 , 外野手 , 1985/09/18 , 176 , 96
広島 , 中神　拓都 , 内野手 , 2000/05/29 , 175 , 90
広島 , 田中　法彦 , 投手 , 2000/10/19 , 173 , 83
広島 , ＤＪ．ジョンソン , 投手 , 1989/08/30 , 193 , 104
広島 , 大盛　穂 , 外野手 , 1996/08/31 , 180 , 71
広島 , 永井　敦士 , 外野手 , 2000/01/10 , 178 , 88
広島 , 坂倉　将吾 , 捕手 , 1998/05/29 , 176 , 86
広島 , 石原　貴規 , 捕手 , 1998/02/03 , 173 , 75
広島 , 西川　龍馬 , 内野手 , 1994/12/10 , 176 , 74
広島 , 中村　恭平 , 投手 , 1989/03/22 , 185 , 91
広島 , 玉村　昇悟 , 投手 , 2001/04/16 , 177 , 75
広島 , 遠藤　淳志 , 投手 , 1999/04/08 , 184 , 78
広島 , 中村　祐太 , 投手 , 1995/08/31 , 184 , 89
広島 , 平岡　敬人 , 投手 , 1995/08/06 , 186 , 95
広島 , 羽月　隆太郎 , 内野手 , 2000/04/19 , 167 , 70
広島 , スコット , 投手 , 1992/06/01 , 190 , 84
広島 , メヒア , 内野手 , 1993/03/10 , 192 , 108
広島 , フランスア , 投手 , 1993/09/25 , 186 , 103
広島 , モンティージャ , 投手 , 1995/10/02 , 190 , 116
広島 , 畝　章真 , 投手 , 1995/09/09 , 177 , 83
広島 , 藤井　黎來 , 投手 , 1999/09/17 , 182 , 92
広島 , 佐々木　健 , 投手 , 1999/04/02 , 189 , 82
広島 , 持丸　泰輝 , 捕手 , 2001/10/26 , 177 , 80
広島 , 木下　元秀 , 外野手 , 2001/07/25 , 183 , 87
広島 , メナ , 投手 , 1993/12/06 , 187 , 88
中日 , 選手名 , 守備 , 生年月日 , 身長 , 体重
中日 , 髙松　渡 , 内野手 , 1999/07/02 , 176 , 65
中日 , 京田　陽太 , 内野手 , 1994/04/20 , 184 , 83
中日 , 石川　昂弥 , 内野手 , 2001/06/22 , 185 , 93
中日 , 高橋　周平 , 内野手 , 1994/01/18 , 180 , 85
中日 , 藤井　淳志 , 外野手 , 1981/05/20 , 183 , 82
中日 , 阿部　寿樹 , 内野手 , 1989/12/03 , 185 , 80
中日 , 平田　良介 , 外野手 , 1988/03/23 , 177 , 87
中日 , 根尾　昂 , 内野手 , 2000/04/19 , 177 , 80
中日 , 大島　洋平 , 外野手 , 1985/11/09 , 176 , 75
中日 , 石川　駿 , 内野手 , 1990/05/26 , 178 , 82
中日 , 小笠原　慎之介 , 投手 , 1997/10/08 , 180 , 95
中日 , 田島　慎二 , 投手 , 1989/12/21 , 181 , 84
中日 , 橋本　侑樹 , 投手 , 1998/01/08 , 180 , 71
中日 , 谷元　圭介 , 投手 , 1985/01/28 , 167 , 72
中日 , 又吉　克樹 , 投手 , 1990/11/04 , 181 , 74
中日 , 柳　裕也 , 投手 , 1994/04/22 , 180 , 85
中日 , 吉見　一起 , 投手 , 1984/09/19 , 182 , 90
中日 , 岡田　俊哉 , 投手 , 1991/12/05 , 178 , 67
中日 , 大野　雄大 , 投手 , 1988/09/26 , 183 , 83
中日 , 遠藤　一星 , 外野手 , 1989/03/23 , 182 , 83
中日 , 福谷　浩司 , 投手 , 1991/01/09 , 183 , 90
中日 , 佐藤　優 , 投手 , 1993/06/29 , 187 , 85
中日 , 井領　雅貴 , 外野手 , 1989/11/04 , 174 , 82
中日 , 大野　奨太 , 捕手 , 1987/01/13 , 177 , 78
中日 , 梅津　晃大 , 投手 , 1996/10/24 , 187 , 90
中日 , 山井　大介 , 投手 , 1978/05/10 , 179 , 86
中日 , 阿知羅　拓馬 , 投手 , 1992/11/20 , 190 , 95
中日 , 渡辺　勝 , 外野手 , 1993/10/14 , 172 , 80
中日 , 石垣　雅海 , 内野手 , 1998/09/21 , 181 , 85
中日 , 祖父江　大輔 , 投手 , 1987/08/11 , 175 , 80
中日 , 福　敬登 , 投手 , 1992/06/16 , 180 , 88
中日 , 木下　拓哉 , 捕手 , 1991/12/18 , 183 , 92
中日 , 岡野　祐一郎 , 投手 , 1994/04/16 , 180 , 85
中日 , 三ツ俣　大樹 , 内野手 , 1992/05/11 , 177 , 84
中日 , 松葉　貴大 , 投手 , 1990/08/14 , 178 , 82
中日 , 石川　翔 , 投手 , 1999/12/14 , 179 , 81
中日 , 勝野　昌慶 , 投手 , 1997/06/12 , 183 , 89
中日 , アルモンテ , 外野手 , 1989/06/10 , 183 , 98
中日 , 三ツ間　卓也 , 投手 , 1992/07/22 , 183 , 92
中日 , 郡司　裕也 , 捕手 , 1997/12/27 , 180 , 86
中日 , 鈴木　博志 , 投手 , 1997/03/22 , 181 , 95
中日 , 笠原　祥太郎 , 投手 , 1995/03/17 , 177 , 85
中日 , 溝脇　隼人 , 内野手 , 1994/05/17 , 179 , 75
中日 , 伊藤　康祐 , 外野手 , 2000/02/03 , 174 , 75
中日 , 清水　達也 , 投手 , 1999/11/03 , 182 , 83
中日 , 滝野　要 , 外野手 , 1996/07/08 , 185 , 76
中日 , 加藤　匠馬 , 捕手 , 1992/04/29 , 175 , 76
中日 , ゴンサレス , 投手 , 1992/01/17 , 188 , 93
中日 , 藤嶋　健人 , 投手 , 1998/05/08 , 177 , 85
中日 , 福田　永将 , 内野手 , 1988/07/23 , 181 , 88
中日 , 武田　健吾 , 外野手 , 1994/04/18 , 183 , 85
中日 , 石橋　康太 , 捕手 , 2000/12/07 , 180 , 87
中日 , 山本　拓実 , 投手 , 2000/01/31 , 167 , 71
中日 , 岡林　勇希 , 外野手 , 2002/02/22 , 175 , 74
中日 , 垣越　建伸 , 投手 , 2000/04/03 , 184 , 96
中日 , 竹内　龍臣 , 投手 , 2001/12/11 , 178 , 77
中日 , 堂上　直倫 , 内野手 , 1988/09/23 , 184 , 86
中日 , 小熊　凌祐 , 投手 , 1990/08/11 , 178 , 84
中日 , 伊藤　準規 , 投手 , 1991/01/07 , 187 , 80
中日 , ビシエド , 内野手 , 1989/03/10 , 185 , 108
中日 , 桂　依央利 , 捕手 , 1991/07/09 , 185 , 90
中日 , 濱田　達郎 , 投手 , 1994/08/04 , 185 , 95
中日 , ロメロ , 投手 , 1991/01/24 , 190 , 103
中日 , Ｒ．マルティネス , 投手 , 1996/10/11 , 193 , 93
中日 , 木下　雄介 , 投手 , 1993/10/10 , 183 , 80
中日 , 鈴木　翔太 , 投手 , 1995/06/16 , 183 , 75
中日 , ブリトー , 投手 , 1996/07/19 , 185 , 80
中日 , 浜田　智博 , 投手 , 1992/10/01 , 184 , 80
中日 , 丸山　泰資 , 投手 , 1995/02/05 , 176 , 80
中日 , 石岡　諒太 , 内野手 , 1992/05/25 , 187 , 90
中日 , 大藏　彰人 , 投手 , 1994/05/15 , 190 , 88
中日 , 松田　亘哲 , 投手 , 1997/05/16 , 176 , 80
中日 , マルク , 投手 , 1995/07/18 , 184 , 83
中日 , Ａ．マルティネス , 捕手 , 1996/05/28 , 190 , 95
中日 , シエラ , 外野手 , 1988/09/24 , 185 , 105
中日 , ロドリゲス , 投手 , 1997/03/10 , 186 , 97
西武 , 選手名 , 守備 , 生年月日 , 身長 , 体重
西武 , 藤井　亮太 , 内野手 , 1988/09/30 , 176 , 73
西武 , 奥村　展征 , 内野手 , 1995/05/26 , 178 , 76
西武 , 山田　哲人 , 内野手 , 1992/07/16 , 180 , 76
西武 , エスコバー , 内野手 , 1986/12/16 , 185 , 88
西武 , 西浦　直亨 , 内野手 , 1991/04/11 , 178 , 75
西武 , 川端　慎吾 , 内野手 , 1987/10/16 , 185 , 86
西武 , 中山　翔太 , 外野手 , 1996/09/22 , 185 , 95
西武 , 塩見　泰隆 , 外野手 , 1993/06/12 , 179 , 76
西武 , 荒木　貴裕 , 内野手 , 1987/07/26 , 180 , 84
西武 , 奥川　恭伸 , 投手 , 2001/04/16 , 184 , 82
西武 , 石山　泰稚 , 投手 , 1988/09/01 , 182 , 75
西武 , 中尾　輝 , 投手 , 1994/09/14 , 180 , 83
西武 , 高梨　裕稔 , 投手 , 1991/06/05 , 187 , 90
西武 , 大下　佑馬 , 投手 , 1992/07/06 , 179 , 83
西武 , 原　樹理 , 投手 , 1993/07/19 , 180 , 79
西武 , 清水　昇 , 投手 , 1996/10/15 , 180 , 84
西武 , 寺島　成輝 , 投手 , 1998/07/30 , 183 , 90
西武 , 石川　雅規 , 投手 , 1980/01/22 , 167 , 73
西武 , 近藤　一樹 , 投手 , 1983/07/08 , 183 , 80
西武 , 青木　宣親 , 外野手 , 1982/01/05 , 175 , 80
西武 , 星　知弥 , 投手 , 1994/04/15 , 183 , 78
西武 , イノーア , 投手 , 1993/05/26 , 188 , 93
西武 , 坂本　光士郎 , 投手 , 1994/09/09 , 179 , 75
西武 , 吉田　大喜 , 投手 , 1997/07/27 , 175 , 83
西武 , 小川　泰弘 , 投手 , 1990/05/16 , 171 , 80
西武 , 西田　明央 , 捕手 , 1992/04/28 , 178 , 83
西武 , 山崎　晃大朗 , 外野手 , 1993/08/11 , 173 , 68
西武 , 松本　直樹 , 捕手 , 1993/10/17 , 177 , 82
西武 , クック , 投手 , 1990/11/02 , 190 , 97
西武 , 山田　大樹 , 投手 , 1988/07/30 , 189 , 99
西武 , 杉山　晃基 , 投手 , 1997/06/25 , 182 , 84
西武 , 廣岡　大志 , 内野手 , 1997/04/09 , 183 , 81
西武 , マクガフ , 投手 , 1989/10/31 , 180 , 86
西武 , 梅野　雄吾 , 投手 , 1999/01/13 , 175 , 84
西武 , 宮本　丈 , 内野手 , 1995/04/03 , 182 , 78
西武 , 市川　悠太 , 投手 , 2001/03/29 , 184 , 75
西武 , 雄平 , 外野手 , 1984/06/25 , 174 , 83
西武 , 坂口　智隆 , 外野手 , 1984/07/07 , 181 , 82
西武 , スアレス , 投手 , 1989/10/08 , 190 , 106
西武 , 大西　広樹 , 投手 , 1997/11/08 , 175 , 84
西武 , 嶋　基宏 , 捕手 , 1984/12/13 , 179 , 84
西武 , 太田　賢吾 , 内野手 , 1997/01/19 , 186 , 85
西武 , 高橋　奎二 , 投手 , 1997/05/14 , 178 , 73
西武 , 金久保　優斗 , 投手 , 1999/11/04 , 183 , 74
西武 , 渡邉　大樹 , 外野手 , 1997/06/07 , 182 , 87
西武 , 上田　剛史 , 外野手 , 1988/10/02 , 180 , 73
西武 , 濱田　太貴 , 外野手 , 2000/09/04 , 177 , 81
西武 , 中村　悠平 , 捕手 , 1990/06/17 , 176 , 83
西武 , 五十嵐　亮太 , 投手 , 1979/05/28 , 178 , 95
西武 , 中澤　雅人 , 投手 , 1985/02/16 , 179 , 80
西武 , 村上　宗隆 , 内野手 , 2000/02/02 , 188 , 97
西武 , 鈴木　裕太 , 投手 , 2000/08/02 , 182 , 93
西武 , 古賀　優大 , 捕手 , 1998/08/07 , 177 , 74
西武 , 長岡　秀樹 , 内野手 , 2001/09/26 , 174 , 74
西武 , 大村　孟 , 捕手 , 1991/12/21 , 169 , 78
西武 , 武岡　龍世 , 内野手 , 2001/05/28 , 178 , 77
西武 , 久保　拓眞 , 投手 , 1996/07/27 , 175 , 75
西武 , 田川　賢吾 , 投手 , 1994/05/22 , 189 , 79
西武 , 井野　卓 , 捕手 , 1983/11/23 , 178 , 83
西武 , 風張　蓮 , 投手 , 1993/02/26 , 182 , 88
西武 , 田代　将太郎 , 外野手 , 1989/12/13 , 178 , 74
西武 , 吉田　大成 , 内野手 , 1995/03/07 , 175 , 80
西武 , 平井　諒 , 投手 , 1991/04/23 , 184 , 78
西武 , 山中　浩史 , 投手 , 1985/09/09 , 175 , 82
西武 , 今野　龍太 , 投手 , 1995/05/11 , 178 , 87
西武 , 長谷川　宙輝 , 投手 , 1998/08/23 , 175 , 80
西武 , 蔵本　治孝 , 投手 , 1995/05/16 , 185 , 95
西武 , 松本　友 , 内野手 , 1995/02/05 , 179 , 86
西武 , 内山　太嗣 , 捕手 , 1996/04/21 , 171 , 77
西武 , ジュリアス , 投手 , 1997/05/25 , 183 , 76
ソフトバンク , 選手名 , 守備 , 生年月日 , 身長 , 体重
ソフトバンク , 川瀬　晃 , 内野手 , 1997/09/15 , 175 , 64
ソフトバンク , 髙田　知季 , 内野手 , 1990/05/06 , 176 , 71
ソフトバンク , 内川　聖一 , 内野手 , 1982/08/04 , 185 , 93
ソフトバンク , Ｃ．スチュワート・ジュニア , 投手 , 1999/11/02 , 198 , 101
ソフトバンク , バレンティン , 外野手 , 1984/07/02 , 185 , 100
ソフトバンク , 松田　宣浩 , 内野手 , 1983/05/17 , 180 , 85
ソフトバンク , 今宮　健太 , 内野手 , 1991/07/15 , 172 , 76
ソフトバンク , 中村　晃 , 外野手 , 1989/11/05 , 176 , 83
ソフトバンク , 明石　健志 , 内野手 , 1986/01/09 , 175 , 67
ソフトバンク , 柳田　悠岐 , 外野手 , 1988/10/09 , 188 , 96
ソフトバンク , 大竹　耕太郎 , 投手 , 1995/06/29 , 184 , 79
ソフトバンク , 津森　宥紀 , 投手 , 1998/01/21 , 177 , 81
ソフトバンク , 髙谷　裕亮 , 捕手 , 1981/11/13 , 179 , 89
ソフトバンク , 二保　旭 , 投手 , 1990/05/18 , 182 , 74
ソフトバンク , 加治屋　蓮 , 投手 , 1991/11/25 , 185 , 89
ソフトバンク , 東浜　巨 , 投手 , 1990/06/20 , 183 , 78
ソフトバンク , 岩嵜　翔 , 投手 , 1989/10/21 , 190 , 88
ソフトバンク , 武田　翔太 , 投手 , 1993/04/03 , 186 , 90
ソフトバンク , 甲斐　拓也 , 捕手 , 1992/11/05 , 170 , 84
ソフトバンク , 甲斐野　央 , 投手 , 1996/11/16 , 187 , 88
ソフトバンク , 和田　毅 , 投手 , 1981/02/21 , 179 , 80
ソフトバンク , 西田　哲朗 , 内野手 , 1991/09/04 , 180 , 85
ソフトバンク , 周東　佑京 , 内野手 , 1996/02/10 , 179 , 66
ソフトバンク , 長谷川　勇也 , 外野手 , 1984/12/22 , 180 , 88
ソフトバンク , 田中　正義 , 投手 , 1994/07/19 , 187 , 93
ソフトバンク , 吉住　晴斗 , 投手 , 2000/03/12 , 185 , 80
ソフトバンク , グラシアル , 内野手 , 1985/10/14 , 187 , 95
ソフトバンク , 高橋　礼 , 投手 , 1995/11/02 , 188 , 84
ソフトバンク , 石川　柊太 , 投手 , 1991/12/27 , 185 , 86
ソフトバンク , 佐藤　直樹 , 外野手 , 1998/09/03 , 178 , 84
ソフトバンク , 栗原　陵矢 , 捕手 , 1996/07/04 , 179 , 75
ソフトバンク , 柳町　達 , 外野手 , 1997/04/20 , 180 , 75
ソフトバンク , 増田　珠 , 内野手 , 1999/05/21 , 179 , 85
ソフトバンク , 椎野　新 , 投手 , 1995/10/10 , 196 , 90
ソフトバンク , モイネロ , 投手 , 1995/12/08 , 178 , 69
ソフトバンク , 牧原　大成 , 内野手 , 1992/10/15 , 172 , 74
ソフトバンク , ムーア , 投手 , 1989/06/18 , 190 , 95
ソフトバンク , 森　唯斗 , 投手 , 1992/01/08 , 176 , 94
ソフトバンク , 尾形　崇斗 , 投手 , 1999/05/15 , 181 , 83
ソフトバンク , 杉山　一樹 , 投手 , 1997/12/07 , 193 , 95
ソフトバンク , 千賀　滉大 , 投手 , 1993/01/30 , 187 , 90
ソフトバンク , 松田　遼馬 , 投手 , 1994/02/08 , 183 , 85
ソフトバンク , バンデンハーク , 投手 , 1985/05/22 , 198 , 105
ソフトバンク , 谷川原　健太 , 捕手 , 1997/04/16 , 174 , 85
ソフトバンク , 髙橋　純平 , 投手 , 1997/05/08 , 183 , 85
ソフトバンク , 古谷　優人 , 投手 , 1999/02/19 , 175 , 76
ソフトバンク , 板東　湧梧 , 投手 , 1995/12/27 , 181 , 78
ソフトバンク , 上林　誠知 , 外野手 , 1995/08/01 , 185 , 91
ソフトバンク , リチャード , 内野手 , 1999/06/18 , 189 , 112
ソフトバンク , 泉　圭輔 , 投手 , 1997/03/02 , 187 , 74
ソフトバンク , デスパイネ , 外野手 , 1986/06/17 , 175 , 95
ソフトバンク , 野村　大樹 , 内野手 , 2000/09/10 , 170 , 80
ソフトバンク , 田浦　文丸 , 投手 , 1999/09/21 , 168 , 80
ソフトバンク , 嘉弥真　新也 , 投手 , 1989/11/23 , 172 , 70
ソフトバンク , サファテ , 投手 , 1981/04/09 , 193 , 102
ソフトバンク , 水谷　瞬 , 外野手 , 2001/03/09 , 193 , 87
ソフトバンク , 釜元　豪 , 外野手 , 1993/09/03 , 180 , 79
ソフトバンク , 奥村　政稔 , 投手 , 1992/08/14 , 176 , 76
ソフトバンク , 海野　隆司 , 捕手 , 1997/07/15 , 173 , 83
ソフトバンク , 川原　弘之 , 投手 , 1991/08/23 , 188 , 99
ソフトバンク , 真砂　勇介 , 外野手 , 1994/05/04 , 185 , 88
ソフトバンク , 九鬼　隆平 , 捕手 , 1998/09/05 , 179 , 78
ソフトバンク , 松本　裕樹 , 投手 , 1996/04/14 , 182 , 82
ソフトバンク , 笠谷　俊介 , 投手 , 1997/03/17 , 173 , 72
ソフトバンク , 三森　大貴 , 内野手 , 1999/02/21 , 185 , 70
ソフトバンク , 小林　珠維 , 内野手 , 2001/05/07 , 183 , 86
ソフトバンク , 川島　慶三 , 内野手 , 1983/10/05 , 173 , 74
ソフトバンク , 石塚　綜一郎 , 捕手 , 2001/06/07 , 181 , 85
ソフトバンク , 大関　友久 , 投手 , 1997/12/14 , 186 , 90
ソフトバンク , 小澤　怜史 , 投手 , 1998/03/09 , 182 , 83
ソフトバンク , 古澤　勝吾 , 内野手 , 1996/09/05 , 177 , 80
ソフトバンク , 大本　将吾 , 外野手 , 1998/04/22 , 186 , 103
ソフトバンク , 黒瀬　健太 , 内野手 , 1997/08/12 , 182 , 93
ソフトバンク , 伊藤　大将 , 内野手 , 2001/07/27 , 178 , 75
ソフトバンク , 野澤　佑斗 , 投手 , 1997/11/06 , 180 , 72
ソフトバンク , 勝連　大稀 , 内野手 , 2001/04/30 , 175 , 66
ソフトバンク , 舟越　秀虎 , 外野手 , 2001/08/23 , 182 , 71
ソフトバンク , 渡邉　陸 , 捕手 , 2000/09/24 , 186 , 87
ソフトバンク , 岡本　直也 , 投手 , 1996/10/30 , 181 , 78
ソフトバンク , 田城　飛翔 , 外野手 , 1999/03/19 , 179 , 66
ソフトバンク , 荒木　翔太 , 内野手 , 2001/04/05 , 184 , 85
ソフトバンク , 渡辺　健史 , 投手 , 1997/09/09 , 178 , 75
ソフトバンク , 重田　倫明 , 投手 , 1996/05/30 , 185 , 85
ソフトバンク , 日暮　矢麻人 , 外野手 , 1999/06/16 , 178 , 86
ソフトバンク , 渡邉　雄大 , 投手 , 1991/09/19 , 186 , 80
ソフトバンク , 清水　陸哉 , 外野手 , 1999/01/22 , 185 , 83
ソフトバンク , 中村　宜聖 , 外野手 , 2000/07/03 , 184 , 88
ソフトバンク , 村上　舜 , 投手 , 2001/11/01 , 174 , 68
ソフトバンク , 堀内　汰門 , 捕手 , 1996/09/16 , 175 , 76
楽天 , 選手名 , 守備 , 生年月日 , 身長 , 体重
楽天 , 小深田　大翔 , 内野手 , 1995/09/28 , 168 , 69
楽天 , 松井　裕樹 , 投手 , 1995/10/30 , 174 , 74
楽天 , 太田　光 , 捕手 , 1996/10/14 , 178 , 76
楽天 , 浅村　栄斗 , 内野手 , 1990/11/12 , 182 , 90
楽天 , オコエ　瑠偉 , 外野手 , 1997/07/21 , 185 , 90
楽天 , 茂木　栄五郎 , 内野手 , 1994/02/14 , 171 , 75
楽天 , 藤田　一也 , 内野手 , 1982/07/03 , 175 , 75
楽天 , 鈴木　大地 , 内野手 , 1989/08/18 , 175 , 79
楽天 , 辰己　涼介 , 外野手 , 1996/12/27 , 180 , 74
楽天 , 吉持　亮汰 , 内野手 , 1993/11/04 , 175 , 68
楽天 , 岸　孝之 , 投手 , 1984/12/04 , 180 , 77
楽天 , 近藤　弘樹 , 投手 , 1995/06/27 , 186 , 96
楽天 , 森原　康平 , 投手 , 1991/12/26 , 185 , 88
楽天 , 則本　昂大 , 投手 , 1990/12/17 , 178 , 82
楽天 , Ｊ．Ｔ．シャギワ , 投手 , 1990/12/03 , 190 , 90
楽天 , 涌井　秀章 , 投手 , 1986/06/21 , 185 , 85
楽天 , 森　雄大 , 投手 , 1994/08/19 , 184 , 74
楽天 , 王　彦程 , 投手 , 2001/02/14 , 180 , 82
楽天 , 塩見　貴洋 , 投手 , 1988/09/06 , 182 , 77
楽天 , 藤平　尚真 , 投手 , 1998/09/21 , 185 , 85
楽天 , 安樂　智大 , 投手 , 1996/11/04 , 186 , 87
楽天 , 釜田　佳直 , 投手 , 1993/10/26 , 177 , 77
楽天 , 牧田　和久 , 投手 , 1984/11/10 , 177 , 85
楽天 , 弓削　隼人 , 投手 , 1994/04/06 , 193 , 105
楽天 , 黒川　史陽 , 内野手 , 2001/04/17 , 182 , 86
楽天 , 田中　和基 , 外野手 , 1994/08/08 , 181 , 75
楽天 , 渡辺　直人 , 内野手 , 1980/10/15 , 173 , 73
楽天 , 岡島　豪郎 , 捕手 , 1989/09/07 , 176 , 82
楽天 , 酒居　知史 , 投手 , 1993/01/02 , 178 , 80
楽天 , 山下　斐紹 , 捕手 , 1992/11/16 , 179 , 93
楽天 , 福井　優也 , 投手 , 1988/02/08 , 178 , 85
楽天 , ブセニッツ , 投手 , 1990/08/22 , 185 , 81
楽天 , 銀次 , 内野手 , 1988/02/24 , 174 , 78
楽天 , 山﨑　幹史 , 内野手 , 1995/12/29 , 173 , 74
楽天 , 島内　宏明 , 外野手 , 1990/02/02 , 180 , 75
楽天 , 内田　靖人 , 内野手 , 1995/05/30 , 185 , 86
楽天 , 岩見　雅紀 , 外野手 , 1994/07/10 , 187 , 108
楽天 , 引地　秀一郎 , 投手 , 2000/06/03 , 188 , 84
楽天 , 青山　浩二 , 投手 , 1983/08/12 , 180 , 80
楽天 , 宋　家豪 , 投手 , 1992/09/06 , 185 , 92
楽天 , 足立　祐一 , 捕手 , 1989/09/22 , 178 , 83
楽天 , 菅原　秀 , 投手 , 1994/04/05 , 183 , 78
楽天 , 下水流　昂 , 外野手 , 1988/04/23 , 178 , 88
楽天 , 渡邊　佑樹 , 投手 , 1995/11/08 , 183 , 85
楽天 , 渡邊　佳明 , 内野手 , 1997/01/08 , 180 , 79
楽天 , 福森　耀真 , 投手 , 1997/09/27 , 178 , 87
楽天 , 小郷　裕哉 , 外野手 , 1996/08/03 , 178 , 85
楽天 , 津留﨑　大成 , 投手 , 1997/10/10 , 177 , 86
楽天 , 高梨　雄平 , 投手 , 1992/07/13 , 175 , 81
楽天 , 和田　恋 , 外野手 , 1995/09/26 , 180 , 93
楽天 , 鈴木　翔天 , 投手 , 1996/08/19 , 185 , 82
楽天 , 瀧中　瞭太 , 投手 , 1994/12/20 , 180 , 93
楽天 , 辛島　航 , 投手 , 1990/10/18 , 173 , 72
楽天 , 熊原　健人 , 投手 , 1993/10/19 , 178 , 85
楽天 , 石橋　良太 , 投手 , 1991/06/06 , 175 , 77
楽天 , 佐藤　智輝 , 投手 , 2000/06/05 , 183 , 80
楽天 , 西口　直人 , 投手 , 1996/11/14 , 183 , 83
楽天 , 由規 , 投手 , 1989/12/05 , 179 , 80
楽天 , 堀内　謙伍 , 捕手 , 1997/04/15 , 174 , 82
楽天 , 村林　一輝 , 内野手 , 1997/10/06 , 180 , 73
楽天 , 下妻　貴寛 , 捕手 , 1994/04/15 , 186 , 85
楽天 , 寺岡　寛治 , 投手 , 1992/12/03 , 180 , 89
楽天 , ブラッシュ , 外野手 , 1989/07/04 , 196 , 106
楽天 , 石原　彪 , 捕手 , 1999/03/08 , 172 , 96
楽天 , 武藤　敦貴 , 外野手 , 2001/06/15 , 178 , 73
楽天 , 池田　駿 , 投手 , 1992/11/29 , 174 , 78
楽天 , 水上　桂 , 捕手 , 2001/07/05 , 172 , 75
楽天 , 久保　裕也 , 投手 , 1980/05/23 , 177 , 78
楽天 , フェルナンド , 外野手 , 1992/04/13 , 175 , 79
楽天 , ロメロ , 外野手 , 1988/10/17 , 188 , 100
楽天 , 南　要輔 , 内野手 , 1994/08/07 , 175 , 73
楽天 , 池田　隆英 , 投手 , 1994/10/01 , 181 , 85
楽天 , 木村　敏靖 , 投手 , 1995/09/14 , 176 , 78
楽天 , 松本　京志郎 , 内野手 , 1999/09/21 , 172 , 72
楽天 , 中村　和希 , 外野手 , 1995/10/26 , 173 , 75
楽天 , 清宮　虎多朗 , 投手 , 2000/05/26 , 190 , 84
楽天 , 則本　佳樹 , 投手 , 1994/05/14 , 174 , 79
楽天 , 江川　侑斗 , 捕手 , 2001/06/29 , 177 , 81
楽天 , 小峯　新陸 , 投手 , 2001/12/01 , 189 , 90
楽天 , 山﨑　真彰 , 内野手 , 1995/09/26 , 182 , 84
楽天 , 澤野　聖悠 , 内野手 , 2002/03/09 , 184 , 85
楽天 , 耀飛 , 外野手 , 1996/03/05 , 180 , 96
楽天 , 福山　博之 , 投手 , 1989/03/27 , 172 , 70
ロッテ , 選手名 , 守備 , 生年月日 , 身長 , 体重
ロッテ , 鳥谷　敬 , 内野手 , 1981/06/26 , 180 , 79
ロッテ , 荻野　貴司 , 外野手 , 1985/10/21 , 172 , 75
ロッテ , 清田　育宏 , 外野手 , 1986/02/11 , 180 , 85
ロッテ , 藤原　恭大 , 外野手 , 2000/05/06 , 181 , 80
ロッテ , 角中　勝也 , 外野手 , 1987/05/25 , 180 , 85
ロッテ , 藤岡　裕大 , 内野手 , 1993/08/08 , 178 , 77
ロッテ , 安田　尚憲 , 内野手 , 1999/04/15 , 188 , 95
ロッテ , 福田　秀平 , 外野手 , 1989/02/10 , 182 , 77
ロッテ , 中村　奨吾 , 内野手 , 1992/05/28 , 180 , 88
ロッテ , 加藤　翔平 , 外野手 , 1991/03/28 , 183 , 84
ロッテ , 佐々木　千隼 , 投手 , 1994/06/08 , 181 , 83
ロッテ , 石川　歩 , 投手 , 1988/04/11 , 186 , 80
ロッテ , 平沢　大河 , 内野手 , 1997/12/24 , 176 , 80
ロッテ , 大谷　智久 , 投手 , 1985/02/14 , 176 , 82
ロッテ , 美馬　学 , 投手 , 1986/09/19 , 169 , 75
ロッテ , 種市　篤暉 , 投手 , 1998/09/07 , 183 , 88
ロッテ , 佐々木　朗希 , 投手 , 2001/11/03 , 190 , 85
ロッテ , 二木　康太 , 投手 , 1995/08/01 , 190 , 85
ロッテ , 唐川　侑己 , 投手 , 1989/07/05 , 181 , 80
ロッテ , 東條　大樹 , 投手 , 1991/08/15 , 178 , 85
ロッテ , 内　竜也 , 投手 , 1985/07/13 , 182 , 87
ロッテ , 田村　龍弘 , 捕手 , 1994/05/13 , 172 , 81
ロッテ , 三木　亮 , 内野手 , 1991/10/25 , 175 , 78
ロッテ , 東妻　勇輔 , 投手 , 1996/04/04 , 172 , 80
ロッテ , 岡　大海 , 外野手 , 1991/07/15 , 185 , 80
ロッテ , 山本　大貴 , 投手 , 1995/11/10 , 182 , 90
ロッテ , 松永　昂大 , 投手 , 1988/04/16 , 175 , 82
ロッテ , 西野　勇士 , 投手 , 1991/03/06 , 183 , 87
ロッテ , 石崎　剛 , 投手 , 1990/09/09 , 183 , 91
ロッテ , 菅野　剛士 , 外野手 , 1993/05/06 , 171 , 83
ロッテ , 佐藤　都志也 , 捕手 , 1998/01/27 , 181 , 83
ロッテ , 南　昌輝 , 投手 , 1989/01/18 , 182 , 88
ロッテ , 土肥　星也 , 投手 , 1995/07/07 , 186 , 90
ロッテ , 渡邉　啓太 , 投手 , 1993/09/13 , 177 , 80
ロッテ , 有吉　優樹 , 投手 , 1991/03/12 , 178 , 87
ロッテ , 小野　郁 , 投手 , 1996/10/23 , 175 , 78
ロッテ , 髙部　瑛斗 , 外野手 , 1997/12/11 , 178 , 72
ロッテ , 吉田　裕太 , 捕手 , 1991/07/21 , 183 , 99
ロッテ , 福田　光輝 , 内野手 , 1997/11/16 , 176 , 80
ロッテ , 成田　翔 , 投手 , 1998/02/03 , 170 , 78
ロッテ , ハーマン , 投手 , 1984/05/30 , 193 , 100
ロッテ , 小島　和哉 , 投手 , 1996/07/07 , 177 , 85
ロッテ , 井上　晴哉 , 内野手 , 1989/07/03 , 180 , 114
ロッテ , 宗接　唯人 , 捕手 , 1994/07/06 , 183 , 90
ロッテ , 岩下　大輝 , 投手 , 1996/10/02 , 182 , 90
ロッテ , 田中　靖洋 , 投手 , 1987/06/21 , 183 , 88
ロッテ , 中村　稔弥 , 投手 , 1996/07/08 , 178 , 84
ロッテ , チェン・グァンユウ , 投手 , 1990/10/29 , 179 , 75
ロッテ , 松田　進 , 内野手 , 1994/08/29 , 188 , 93
ロッテ , 山口　航輝 , 外野手 , 2000/08/18 , 183 , 97
ロッテ , 益田　直也 , 投手 , 1989/10/25 , 178 , 80
ロッテ , 江村　直也 , 捕手 , 1992/05/06 , 176 , 80
ロッテ , レアード , 内野手 , 1987/09/11 , 185 , 98
ロッテ , 細川　亨 , 捕手 , 1980/01/04 , 183 , 103
ロッテ , 原　嵩 , 投手 , 1997/12/06 , 185 , 85
ロッテ , 香月　一也 , 内野手 , 1996/04/16 , 176 , 83
ロッテ , ジャクソン , 投手 , 1987/10/27 , 185 , 88
ロッテ , 細谷　圭 , 内野手 , 1988/01/17 , 182 , 84
ロッテ , 横山　陸人 , 投手 , 2001/08/05 , 179 , 76
ロッテ , 三家　和真 , 外野手 , 1993/08/13 , 180 , 83
ロッテ , 永野　将司 , 投手 , 1993/03/02 , 181 , 82
ロッテ , 和田　康士朗 , 外野手 , 1999/01/14 , 185 , 77
ロッテ , 古谷　拓郎 , 投手 , 2000/04/21 , 184 , 80
ロッテ , 茶谷　健太 , 内野手 , 1998/01/16 , 186 , 96
ロッテ , 西巻　賢二 , 内野手 , 1999/04/22 , 167 , 70
ロッテ , 土居　豪人 , 投手 , 2000/04/02 , 191 , 92
ロッテ , マーティン , 外野手 , 1988/03/06 , 189 , 91
ロッテ , 柿沼　友哉 , 捕手 , 1993/05/12 , 180 , 82
ロッテ , 本前　郁也 , 投手 , 1997/10/02 , 175 , 76
ロッテ , 鎌田　光津希 , 投手 , 1995/09/06 , 180 , 91
ロッテ , 森　遼大朗 , 投手 , 1999/04/22 , 180 , 80
ロッテ , 植田　将太 , 捕手 , 1997/12/18 , 180 , 83
ロッテ , 大嶺　祐太 , 投手 , 1988/06/16 , 184 , 80
ロッテ , 髙濱　卓也 , 内野手 , 1989/07/06 , 184 , 84
ロッテ , アコスタ , 投手 , 1993/12/23 , 187 , 89
ロッテ , フローレス , 投手 , 1989/06/04 , 191 , 120
ロッテ , サントス , 投手 , 1989/10/22 , 188 , 108
日本ハム , 選手名 , 守備 , 生年月日 , 身長 , 体重
日本ハム , 斎藤　佑樹 , 投手 , 1988/06/06 , 176 , 77
日本ハム , 杉谷　拳士 , 内野手 , 1991/02/04 , 173 , 78
日本ハム , 王　柏融 , 外野手 , 1993/09/09 , 182 , 94
日本ハム , 谷口　雄也 , 外野手 , 1992/06/01 , 182 , 92
日本ハム , 大田　泰示 , 外野手 , 1990/06/09 , 188 , 96
日本ハム , 中田　翔 , 内野手 , 1989/04/22 , 184 , 107
日本ハム , 西川　遥輝 , 外野手 , 1992/04/16 , 181 , 79
日本ハム , 近藤　健介 , 外野手 , 1993/08/09 , 171 , 85
日本ハム , 中島　卓也 , 内野手 , 1991/01/11 , 178 , 75
日本ハム , 清水　優心 , 捕手 , 1996/05/22 , 185 , 87
日本ハム , 松本　剛 , 外野手 , 1993/08/11 , 180 , 82
日本ハム , 生田目　翼 , 投手 , 1995/02/19 , 176 , 89
日本ハム , 加藤　貴之 , 投手 , 1992/06/03 , 182 , 91
日本ハム , 上沢　直之 , 投手 , 1994/02/06 , 187 , 89
日本ハム , 有原　航平 , 投手 , 1992/08/11 , 189 , 95
日本ハム , 浦野　博司 , 投手 , 1989/07/22 , 179 , 70
日本ハム , 吉田　輝星 , 投手 , 2001/01/12 , 175 , 84
日本ハム , 金子　弌大 , 投手 , 1983/11/08 , 180 , 77
日本ハム , 上原　健太 , 投手 , 1994/03/29 , 190 , 83
日本ハム , 清宮　幸太郎 , 内野手 , 1999/05/25 , 184 , 101
日本ハム , 鶴岡　慎也 , 捕手 , 1981/04/11 , 176 , 78
日本ハム , 渡邉　諒 , 内野手 , 1995/04/30 , 178 , 85
日本ハム , 野村　佑希 , 内野手 , 2000/06/26 , 187 , 92
日本ハム , 宮西　尚生 , 投手 , 1985/06/02 , 180 , 81
日本ハム , 淺間　大基 , 外野手 , 1996/06/21 , 183 , 83
日本ハム , マルティネス , 投手 , 1990/08/05 , 185 , 90
日本ハム , 河野　竜生 , 投手 , 1998/05/30 , 174 , 82
日本ハム , 井口　和朋 , 投手 , 1994/01/07 , 175 , 79
日本ハム , 宇佐見　真吾 , 捕手 , 1993/06/04 , 181 , 94
日本ハム , 村田　透 , 投手 , 1985/05/20 , 183 , 84
日本ハム , 谷内　亮太 , 内野手 , 1991/02/03 , 177 , 81
日本ハム , 立野　和明 , 投手 , 1998/04/03 , 181 , 82
日本ハム , 堀　瑞輝 , 投手 , 1998/05/10 , 177 , 80
日本ハム , 西村　天裕 , 投手 , 1993/05/06 , 177 , 90
日本ハム , バーヘイゲン , 投手 , 1990/10/22 , 198 , 104
日本ハム , 柿木　蓮 , 投手 , 2000/06/25 , 181 , 88
日本ハム , 石井　一成 , 内野手 , 1994/05/06 , 182 , 78
日本ハム , 秋吉　亮 , 投手 , 1989/03/21 , 183 , 84
日本ハム , 福田　俊 , 投手 , 1996/12/14 , 171 , 76
日本ハム , ロドリゲス , 投手 , 1991/07/06 , 196 , 108
日本ハム , 黒羽根　利規 , 捕手 , 1987/06/02 , 179 , 92
日本ハム , 白村　明弘 , 外野手 , 1991/12/11 , 187 , 83
日本ハム , ビヤヌエバ , 内野手 , 1991/06/19 , 180 , 95
日本ハム , 平沼　翔太 , 内野手 , 1997/08/16 , 179 , 78
日本ハム , 田中　瑛斗 , 投手 , 1999/07/13 , 184 , 75
日本ハム , 鈴木　健矢 , 投手 , 1997/12/11 , 176 , 82
日本ハム , 上野　響平 , 内野手 , 2001/04/26 , 172 , 68
日本ハム , 公文　克彦 , 投手 , 1992/03/04 , 173 , 84
日本ハム , 鈴木　遼太郎 , 投手 , 1996/02/18 , 184 , 79
日本ハム , 石川　直也 , 投手 , 1996/07/11 , 192 , 95
日本ハム , 宮台　康平 , 投手 , 1995/07/01 , 179 , 81
日本ハム , 玉井　大翔 , 投手 , 1992/06/16 , 178 , 76
日本ハム , 難波　侑平 , 内野手 , 1999/05/06 , 178 , 79
日本ハム , 吉川　光夫 , 投手 , 1988/04/06 , 178 , 79
日本ハム , 杉浦　稔大 , 投手 , 1992/02/25 , 190 , 89
日本ハム , 横尾　俊建 , 内野手 , 1993/05/27 , 175 , 97
日本ハム , 吉田　侑樹 , 投手 , 1994/02/16 , 188 , 87
日本ハム , 郡　拓也 , 捕手 , 1998/04/25 , 178 , 83
日本ハム , 姫野　優也 , 外野手 , 1997/04/02 , 184 , 83
日本ハム , 望月　大希 , 投手 , 1998/02/01 , 187 , 85
日本ハム , 北浦　竜次 , 投手 , 2000/01/12 , 182 , 94
日本ハム , 田宮　裕涼 , 捕手 , 2000/06/13 , 175 , 77
日本ハム , 梅林　優貴 , 捕手 , 1998/03/14 , 173 , 85
日本ハム , 万波　中正 , 外野手 , 2000/04/07 , 191 , 95
日本ハム , 片岡　奨人 , 外野手 , 1997/11/16 , 184 , 78
日本ハム , 石川　亮 , 捕手 , 1995/07/20 , 181 , 87
日本ハム , 今井　順之助 , 内野手 , 1998/05/25 , 175 , 91
日本ハム , 宮田　輝星 , 外野手 , 1997/12/02 , 177 , 69
日本ハム , 樋口　龍之介 , 内野手 , 1994/07/04 , 168 , 84
日本ハム , 長谷川　凌汰 , 投手 , 1995/11/08 , 188 , 98
日本ハム , 海老原　一佳 , 外野手 , 1995/09/13 , 189 , 96
日本ハム , 高山　優希 , 投手 , 1998/05/17 , 181 , 82
日本ハム , 髙濱　祐仁 , 内野手 , 1996/08/08 , 185 , 90
オリックス , 選手名 , 守備 , 生年月日 , 身長 , 体重
オリックス , 勝俣　翔貴 , 内野手 , 1997/07/20 , 178 , 84
オリックス , 西浦　颯大 , 外野手 , 1999/05/21 , 178 , 70
オリックス , モヤ , 外野手 , 1991/08/09 , 201 , 117
オリックス , 佐藤　一磨 , 投手 , 2001/04/16 , 189 , 89
オリックス , 谷岡　楓太 , 投手 , 2001/08/29 , 176 , 82
オリックス , 白崎　浩之 , 内野手 , 1990/08/20 , 184 , 90
オリックス , 中田　惟斗 , 投手 , 2001/09/13 , 181 , 90
オリックス , 安達　了一 , 内野手 , 1988/01/07 , 179 , 78
オリックス , 福田　周平 , 内野手 , 1992/08/08 , 167 , 69
オリックス , 平野　大和 , 外野手 , 2001/08/07 , 177 , 82
オリックス , 鶴見　凌也 , 捕手 , 2001/11/22 , 174 , 75
オリックス , 西野　真弘 , 内野手 , 1990/08/02 , 167 , 71
オリックス , 宗　佑磨 , 外野手 , 1996/06/07 , 181 , 83
オリックス , 大下　誠一郎 , 外野手 , 1997/11/03 , 171 , 89
オリックス , 佐藤　優悟 , 外野手 , 1997/04/02 , 182 , 90
オリックス , 後藤　駿太 , 外野手 , 1993/03/05 , 180 , 83
オリックス , 松山　真之 , 投手 , 2000/08/18 , 174 , 76
オリックス , 大城　滉二 , 内野手 , 1993/06/14 , 175 , 82
オリックス , ジョーンズ , 外野手 , 1985/08/01 , 188 , 98
オリックス , 山﨑　福也 , 投手 , 1992/09/09 , 188 , 97
オリックス , 宮城　大弥 , 投手 , 2001/08/25 , 171 , 83
オリックス , 吉田　一将 , 投手 , 1989/09/24 , 191 , 95
オリックス , 荒西　祐大 , 投手 , 1992/08/25 , 178 , 88
オリックス , 増井　浩俊 , 投手 , 1984/06/26 , 181 , 77
オリックス , 山本　由伸 , 投手 , 1998/08/17 , 178 , 80
オリックス , 山岡　泰輔 , 投手 , 1995/09/22 , 172 , 68
オリックス , 近藤　大亮 , 投手 , 1991/05/29 , 177 , 77
オリックス , 竹安　大知 , 投手 , 1994/09/27 , 183 , 83
オリックス , 村西　良太 , 投手 , 1997/06/06 , 174 , 76
オリックス , 伏見　寅威 , 捕手 , 1990/05/12 , 182 , 88
オリックス , 紅林　弘太郎 , 内野手 , 2002/02/07 , 186 , 82
オリックス , 西村　凌 , 外野手 , 1996/02/21 , 178 , 84
オリックス , 東明　大貴 , 投手 , 1989/06/15 , 178 , 77
オリックス , アルバース , 投手 , 1985/10/06 , 185 , 91
オリックス , 富山　凌雅 , 投手 , 1997/05/03 , 178 , 84
オリックス , 田嶋　大樹 , 投手 , 1996/08/03 , 182 , 80
オリックス , Ｋ－鈴木 , 投手 , 1994/01/21 , 186 , 88
オリックス , 太田　椋 , 内野手 , 2001/02/14 , 181 , 81
オリックス , ディクソン , 投手 , 1984/11/03 , 195 , 84
オリックス , 松井　雅人 , 捕手 , 1987/11/19 , 179 , 81
オリックス , 吉田　正尚 , 外野手 , 1993/07/15 , 173 , 85
オリックス , 比嘉　幹貴 , 投手 , 1982/12/07 , 177 , 77
オリックス , 山足　達也 , 内野手 , 1993/10/26 , 174 , 76
オリックス , 若月　健矢 , 捕手 , 1995/10/04 , 179 , 90
オリックス , 小島　脩平 , 内野手 , 1987/06/05 , 177 , 78
オリックス , 小林　慶祐 , 投手 , 1992/11/02 , 187 , 86
オリックス , 佐野　皓大 , 外野手 , 1996/09/02 , 182 , 73
オリックス , ロドリゲス , 内野手 , 1991/11/18 , 191 , 95
オリックス , 前　佑囲斗 , 投手 , 2001/08/13 , 182 , 88
オリックス , 頓宮　裕真 , 捕手 , 1996/11/17 , 182 , 103
オリックス , 飯田　大祐 , 捕手 , 1990/09/19 , 181 , 85
オリックス , 本田　仁海 , 投手 , 1999/07/27 , 181 , 74
オリックス , 海田　智行 , 投手 , 1987/09/02 , 179 , 81
オリックス , 齋藤　綱記 , 投手 , 1996/12/18 , 182 , 89
オリックス , 澤田　圭佑 , 投手 , 1994/04/27 , 178 , 96
オリックス , 小田　裕也 , 外野手 , 1989/11/04 , 172 , 75
オリックス , ヒギンス , 投手 , 1991/04/22 , 190 , 97
オリックス , 宜保　翔 , 内野手 , 2000/11/26 , 175 , 72
オリックス , Ｔ－岡田 , 外野手 , 1988/02/09 , 187 , 100
オリックス , 松井　佑介 , 外野手 , 1987/07/10 , 185 , 87
オリックス , 山田　修義 , 投手 , 1991/09/19 , 184 , 90
オリックス , 金田　和之 , 投手 , 1990/09/18 , 184 , 86
オリックス , 根本　薫 , 外野手 , 1998/07/29 , 185 , 88
オリックス , 左澤　優 , 投手 , 1994/12/28 , 171 , 75
オリックス , 榊原　翼 , 投手 , 1998/08/25 , 180 , 90
オリックス , 山崎　勝己 , 捕手 , 1982/08/16 , 180 , 88
オリックス , 廣澤　伸哉 , 内野手 , 1999/08/11 , 175 , 74
オリックス , 漆原　大晟 , 投手 , 1996/09/10 , 182 , 85
オリックス , 吉田　凌 , 投手 , 1997/06/20 , 181 , 78
オリックス , 中川　圭太 , 内野手 , 1996/04/12 , 180 , 76
オリックス , 鈴木　優 , 投手 , 1997/02/05 , 181 , 83
オリックス , 神戸　文也 , 投手 , 1994/05/09 , 182 , 85
オリックス , 張　奕 , 投手 , 1994/02/26 , 182 , 86
オリックス , 杉本　裕太郎 , 外野手 , 1991/04/05 , 190 , 102
オリックス , 岡﨑　大輔 , 内野手 , 1998/09/17 , 182 , 75
オリックス , 稲富　宏樹 , 捕手 , 1999/04/27 , 178 , 83
オリックス , 黒木　優太 , 投手 , 1994/08/16 , 179 , 85
オリックス , 東　晃平 , 投手 , 1999/12/14 , 178 , 83
オリックス , 比屋根　彰人 , 内野手 , 1999/08/25 , 180 , 96
オリックス , フェリペ , 捕手 , 1999/09/04 , 176 , 76
オリックス , 山﨑　颯一郎 , 投手 , 1998/06/15 , 190 , 90
